{
  "hadoop": {
    "mean": 37.554226610395645,
    "median": 37.586220502853394,
    "std": 0.9571604846033454,
    "min": 36.070627212524414,
    "max": 40.86696267127991
  },
  "linux": {
    "mean": 0.8848396054020634,
    "median": 0.8867840766906738,
    "std": 0.02728700354721122,
    "min": 0.8261425495147705,
    "max": 0.9372317790985107
  },
  "spark": {
    "mean": 10.046091388773036,
    "median": 10.036011219024658,
    "std": 0.11765947018436772,
    "min": 9.810922622680664,
    "max": 10.252177476882935
  }
}